user_id,account_id,email,signup_date,last_login_at
{1},A1,randyhopkins@example.net,2025-04-18,2026-01-18 08:17:35
{2},A2,ddaniels@example.net,2025-06-05,2026-01-05 21:58:26
{3},A2,sjones@example.com,2025-12-22,2026-01-18 14:04:48
{4},A3,higginsmichelle@example.com,2025-10-06,2026-01-03 12:28:27
{5},A3,anthony73@example.net,2025-02-04,2026-01-18 22:21:25
{6},A3,debrasmith@example.org,2025-07-08,2026-01-18 16:28:35
{7},A4,brownlauren@example.com,2025-12-12,2026-01-09 21:55:40
{8},A4,swilliams@example.com,2026-01-07,2026-01-15 23:27:08
{9},A4,ljordan@example.org,2026-01-17,2026-01-09 04:51:05
{10},A4,flowersjanice@example.com,2025-08-09,2026-01-12 20:16:36
{11},A5,jessicachurch@example.org,2025-12-12,2026-01-13 15:38:12
{12},A5,amanda17@example.net,2025-10-08,2026-01-13 16:32:16
{13},A5,fitzgeraldtimothy@example.com,2025-06-03,2026-01-25 07:16:59
{14},A5,rthornton@example.com,2025-07-04,2026-01-18 19:35:42
{15},A6,deborahwilson@example.org,2025-07-14,2026-01-11 13:23:40
{16},A6,jameshale@example.com,2025-07-12,2026-01-11 00:43:55
{17},A6,tracycampbell@example.net,2025-11-19,2026-01-21 02:21:15
{18},A6,vanessachavez@example.com,2026-01-23,2026-01-31 05:07:43
{19},A7,wwalker@example.net,2025-05-24,2026-01-19 06:54:23
{20},A7,richmondeugene@example.org,2025-03-06,2026-01-27 13:32:57
{21},A7,raymond25@example.com,2025-11-07,2026-01-27 01:15:52
{22},A7,christina02@example.net,2025-11-24,2026-01-15 12:54:50
{23},A8,john16@example.org,2026-01-04,2026-01-05 01:37:40
{24},A8,vmills@example.com,2025-12-14,2026-01-26 15:39:04
{25},A8,theodore44@example.com,2025-12-03,2026-01-26 17:08:49
{26},A9,brittney38@example.org,2025-08-26,2026-01-26 04:29:01
{27},A9,hjohnson@example.net,2025-06-20,2026-01-12 05:41:18
{28},A9,pbyrd@example.net,2025-09-27,2026-01-26 05:10:18
{29},A10,jillperry@example.com,2025-05-30,2026-01-28 01:20:25
{30},A10,susan51@example.org,2025-02-05,2026-01-28 21:58:52
{31},A11,christensendavid@example.net,2025-04-28,2026-01-21 04:30:41
{32},A12,rodneywilliams@example.net,2025-11-30,2026-01-28 23:16:05
{33},A12,tammylogan@example.net,2025-05-22,2026-01-13 23:32:16
{34},A12,jacqueline54@example.com,2025-09-14,2026-01-15 21:21:59
{35},A13,iterry@example.net,2026-01-15,2026-01-27 07:01:05
{36},A13,leebarbara@example.net,2025-10-12,2026-01-06 07:11:26
{37},A13,morgancarter@example.com,2025-06-21,2026-01-21 17:46:37
{38},A14,bryanmurillo@example.org,2025-09-02,2026-01-21 14:02:20
{39},A15,lewiskaren@example.org,2025-07-22,2026-01-28 18:24:30
{40},A15,mclaughlinlaura@example.net,2025-10-07,2026-01-13 04:39:22
{41},A15,robertcastro@example.com,2026-01-14,2026-01-24 12:32:04
{42},A16,christopher99@example.com,2025-08-24,2026-01-09 17:46:55
{43},A16,millerrachel@example.com,2025-10-20,2026-01-19 15:41:45
{44},A17,carterperry@example.org,2025-02-28,2026-01-15 03:08:02
{45},A17,manueltorres@example.org,2025-10-18,2026-01-20 04:37:59
{46},A18,nguyennathaniel@example.net,2025-12-26,2026-01-29 18:25:15
{47},A18,barbereric@example.com,2025-06-17,2026-01-29 07:04:15
{48},A18,lchang@example.com,2025-08-06,2026-01-30 00:55:04
{49},A18,rbrown@example.org,2025-07-13,2026-01-24 10:21:26
{50},A19,nhicks@example.net,2025-03-20,2026-01-19 18:18:51
{51},A20,martinkenneth@example.org,2025-04-18,2026-01-17 10:25:24
{52},A20,jennifer41@example.com,2025-05-03,2026-01-28 23:02:30
{53},A21,courtneyfoster@example.com,2025-03-14,2026-01-31 03:29:49
{54},A22,jamesstanley@example.net,2025-08-01,2026-01-07 12:47:45
{55},A22,carlross@example.com,2025-10-13,2026-01-19 00:04:53
{56},A23,hgarcia@example.net,2025-04-27,2026-01-09 05:07:43
{57},A23,kirstenjohnson@example.com,2025-10-27,2026-01-11 12:48:01
{58},A23,johnsonsteven@example.org,2025-02-28,2026-01-15 05:11:39
{59},A23,smithchristopher@example.net,2025-11-20,2026-01-29 03:45:46
{60},A24,patellogan@example.com,2025-09-26,2026-01-22 17:28:29
{61},A25,ppeterson@example.com,2025-12-13,2026-02-01 14:40:47
{62},A26,isaiahwilliamson@example.net,2025-05-17,2026-01-26 05:10:40
{63},A26,davidjones@example.org,2025-11-23,2026-01-07 01:34:39
{64},A26,marshallzoe@example.org,2025-06-07,2026-01-27 11:02:55
{65},A26,eddie30@example.org,2025-04-27,2026-01-08 22:10:37
{66},A27,smcintyre@example.org,2025-03-25,2026-01-30 01:59:29
{67},A27,kellyfletcher@example.com,2025-04-07,2026-01-12 23:04:08
{68},A28,xmejia@example.org,2025-11-19,2026-01-26 16:02:18
{69},A28,curtis81@example.org,2025-11-10,2026-01-26 01:54:43
{70},A28,matthew28@example.com,2025-10-01,2026-01-05 17:11:58
{71},A29,rachel06@example.org,2025-04-17,2026-01-17 22:26:08
{72},A30,trujillolori@example.org,2026-01-31,2026-01-28 02:03:53
{73},A30,hayeskelly@example.org,2025-04-20,2026-01-07 19:03:13
{74},A30,kwebster@example.net,2025-08-08,2026-01-22 03:06:50
{75},A30,morrisonjonathan@example.org,2025-03-21,2026-01-21 03:50:02
{76},A31,ericataylor@example.com,2025-12-06,2026-01-18 19:13:48
{77},A31,albertanderson@example.org,2025-05-30,2026-01-08 15:16:58
{78},A32,william96@example.com,2025-04-12,2026-01-15 15:11:50
{79},A32,mullenamber@example.org,2025-10-24,2026-02-01 02:20:08
{80},A32,xavier78@example.net,2025-07-20,2026-01-06 10:09:48
{81},A32,harrisbrian@example.net,2025-08-11,2026-01-26 04:45:51
{82},A33,sean67@example.org,2025-05-22,2026-01-14 11:54:05
{83},A33,ortizdavid@example.net,2026-01-04,2026-01-20 16:11:09
{84},A33,glenn59@example.org,2025-10-30,2026-01-07 17:42:45
{85},A34,parnold@example.org,2025-12-31,2026-01-19 01:44:54
{86},A34,joannestark@example.org,2025-12-13,2026-01-16 08:39:41
{87},A35,ymorris@example.net,2025-11-18,2026-01-23 06:48:25
{88},A36,collinsjohn@example.org,2025-06-05,2026-01-30 18:15:00
{89},A36,qerickson@example.com,2025-03-22,2026-01-02 18:15:56
{90},A36,rmolina@example.org,2025-02-21,2026-01-03 08:51:19
{91},A36,sandy98@example.com,2026-01-29,2026-01-12 15:46:17
{92},A37,james87@example.net,2025-04-01,2026-01-17 10:59:58
{93},A37,tcole@example.com,2025-09-02,2026-01-15 22:40:15
{94},A37,ktate@example.com,2025-02-13,2026-01-04 23:08:58
{95},A37,brandon76@example.org,2025-09-05,2026-01-14 01:52:40
{96},A38,fcastillo@example.com,2025-09-04,2026-01-20 01:19:15
{97},A39,kevinmills@example.com,2025-06-24,2026-01-08 05:16:54
{98},A40,avaldez@example.net,2025-07-13,2026-01-10 22:08:03
{99},A40,andradechris@example.org,2025-10-26,2026-01-21 14:19:24
{100},A41,jamesking@example.net,2025-07-09,2026-01-21 15:04:18
{101},A41,qthomas@example.org,2025-03-31,2026-01-15 22:24:59
{102},A42,richardmcgrath@example.org,2025-07-28,2026-01-07 04:57:58
{103},A42,brent79@example.com,2025-11-24,2026-01-22 01:42:03
{104},A42,georgegonzalez@example.net,2025-06-10,2026-01-15 12:42:18
{105},A42,cole43@example.com,2025-02-20,2026-01-21 02:40:45
{106},A43,emily76@example.net,2025-05-24,2026-01-19 18:45:12
{107},A44,wfisher@example.net,2025-10-11,2026-01-07 18:32:40
{108},A44,amandahunt@example.net,2025-03-24,2026-02-01 03:13:11
{109},A45,laurenreynolds@example.net,2025-09-09,2026-01-08 22:38:36
{110},A46,gabrielle62@example.net,2025-08-29,2026-01-17 22:38:55
{111},A46,andrejackson@example.com,2026-01-17,2026-01-23 23:24:47
{112},A47,bryannelson@example.net,2025-11-28,2026-01-30 16:07:38
{113},A47,tacosta@example.com,2025-02-19,2026-01-13 01:07:49
{114},A47,laura67@example.com,2026-01-09,2026-01-28 21:47:47
{115},A48,davidprice@example.com,2025-05-23,2026-01-07 02:37:06
{116},A48,kellyfox@example.net,2025-03-19,2026-01-13 20:49:33
{117},A48,bradley35@example.net,2025-03-23,2026-01-14 10:24:32
{118},A49,anthonyalexa@example.com,2025-03-16,2026-01-03 01:25:08
{119},A49,randalljay@example.net,2025-06-27,2026-01-23 03:38:04
{120},A49,fsharp@example.net,2025-11-09,2026-01-22 18:00:06
{121},A49,bhawkins@example.com,2025-11-03,2026-01-17 19:29:53
{122},A50,aliciaadams@example.net,2025-02-27,2026-01-16 15:12:35
{123},A50,stonejames@example.com,2025-09-13,2026-01-31 09:15:12
{124},A51,meganlogan@example.org,2025-10-23,2026-01-27 02:09:49
{125},A51,vthompson@example.net,2025-12-24,2026-01-29 14:51:01
{126},A51,whitetravis@example.com,2025-07-11,2026-01-03 17:37:01
{127},A51,robert35@example.com,2025-03-06,2026-01-20 16:49:45
{128},A52,jennifer22@example.org,2025-04-04,2026-01-07 08:16:09
{129},A53,geoffrey52@example.com,2025-08-16,2026-01-25 12:12:26
{130},A53,mary14@example.net,2025-04-24,2026-01-12 11:16:16
{131},A53,megangreene@example.com,2025-11-06,2026-01-09 22:37:32
{132},A54,wongdenise@example.org,2026-01-06,2026-01-04 06:57:42
{133},A54,jaclynalvarez@example.net,2025-07-24,2026-01-19 01:11:12
{134},A54,brianfoley@example.org,2025-05-03,2026-01-15 04:13:54
{135},A55,dmarquez@example.com,2025-10-28,2026-01-25 12:27:54
{136},A56,wunderwood@example.net,2025-03-16,2026-01-07 22:54:05
{137},A56,gardnerdonna@example.net,2025-12-07,2026-01-14 16:10:12
{138},A56,joshua84@example.org,2025-07-31,2026-01-31 10:26:06
{139},A56,ralexander@example.org,2025-04-13,2026-01-26 22:57:57
{140},A57,elizabethmoses@example.net,2025-04-04,2026-01-28 00:13:01
{141},A57,roger74@example.com,2025-10-21,2026-01-18 18:52:52
{142},A57,pallen@example.com,2025-08-17,2026-01-31 16:38:42
{143},A58,gonzalezjeffery@example.net,2025-05-26,2026-01-06 20:14:51
{144},A58,angeladavidson@example.com,2025-11-24,2026-01-21 11:25:45
{145},A59,michaelgrant@example.net,2025-03-22,2026-01-26 10:12:25
{146},A60,andrew41@example.net,2025-02-13,2026-01-24 01:52:18
{147},A60,ruiztiffany@example.com,2025-06-03,2026-01-22 08:11:32
{148},A60,rebeccasalas@example.org,2025-05-29,2026-01-11 01:10:07
{149},A60,mark70@example.org,2025-08-20,2026-01-05 19:44:50
{150},A61,acrawford@example.net,2025-09-06,2026-01-12 06:52:40
{151},A61,bcarter@example.org,2026-01-16,2026-01-28 06:37:46
{152},A61,mariamoore@example.org,2025-11-08,2026-01-29 12:59:27
{153},A62,pacethomas@example.net,2025-07-19,2026-01-16 20:38:17
{154},A62,justin63@example.com,2025-02-07,2026-01-29 15:51:27
{155},A62,jimhoward@example.org,2025-11-23,2026-02-01 13:19:20
{156},A62,garrettwiggins@example.net,2025-05-28,2026-01-24 12:22:26
{157},A63,cynthia70@example.net,2025-05-05,2026-01-25 00:54:59
{158},A63,john76@example.org,2025-07-13,2026-01-29 22:09:00
{159},A63,willie30@example.com,2025-04-03,2026-01-26 12:32:59
{160},A64,pfisher@example.org,2025-04-04,2026-01-17 05:05:14
{161},A64,weberbonnie@example.org,2025-07-31,2026-01-27 23:02:17
{162},A65,james82@example.com,2025-07-03,2026-01-30 21:59:54
{163},A65,emartin@example.net,2025-02-25,2026-01-05 19:31:55
{164},A66,andersondawn@example.org,2025-10-12,2026-01-27 09:53:03
{165},A66,grimesraymond@example.org,2025-07-07,2026-01-17 11:53:41
{166},A66,christopher60@example.net,2025-12-29,2026-01-15 23:08:28
{167},A66,njones@example.net,2025-05-27,2026-01-11 12:01:35
{168},A67,kimberlyburns@example.com,2025-07-09,2026-01-17 14:48:55
{169},A67,bschmitt@example.org,2025-07-05,2026-01-24 06:43:51
{170},A67,unelson@example.org,2025-11-08,2026-01-15 13:39:44
{171},A68,taylorjody@example.org,2025-07-20,2026-01-26 11:50:09
{172},A69,susan24@example.net,2025-08-04,2026-01-08 23:39:50
{173},A70,davisdavid@example.org,2025-11-02,2026-01-17 23:47:51
{174},A71,morganjoseph@example.net,2025-07-18,2026-01-05 23:07:35
{175},A71,aliu@example.com,2025-08-11,2026-01-22 18:26:57
{176},A71,charles74@example.com,2025-10-08,2026-01-07 00:04:17
{177},A71,droberts@example.org,2025-12-21,2026-01-26 07:14:46
{178},A72,kimowens@example.net,2025-02-24,2026-01-14 12:10:04
{179},A72,cglass@example.com,2026-01-14,2026-01-25 21:05:24
{180},A72,ericmorales@example.org,2025-02-05,2026-01-04 21:43:31
{181},A72,turnerkeith@example.org,2025-04-19,2026-01-11 00:28:12
{182},A73,rgutierrez@example.com,2025-03-20,2026-01-31 10:53:53
{183},A73,qcunningham@example.org,2025-08-28,2026-01-17 03:11:11
{184},A73,kennethcarpenter@example.com,2025-03-03,2026-01-16 00:26:51
{185},A73,johnwang@example.org,2025-10-18,2026-01-18 16:06:49
{186},A74,eavery@example.org,2026-01-19,2026-01-10 15:08:09
{187},A74,wwalker@example.com,2025-08-19,2026-01-12 07:42:22
{188},A74,kwarren@example.com,2025-10-07,2026-01-15 12:47:46
{189},A75,vdavis@example.com,2025-07-12,2026-01-14 06:30:28
{190},A75,nicholas68@example.com,2025-10-04,2026-01-08 17:27:32
{191},A75,umays@example.net,2025-08-23,2026-01-03 11:11:22
{192},A75,fieldssue@example.com,2025-09-15,2026-02-01 00:54:25
{193},A76,simmonsemma@example.net,2025-10-26,2026-01-29 03:30:33
{194},A77,eberry@example.org,2025-06-10,2026-01-31 13:32:33
{195},A78,patrickserrano@example.net,2025-04-06,2026-01-08 16:41:01
{196},A79,rle@example.com,2025-11-19,2026-01-05 21:28:04
{197},A80,charles25@example.net,2025-06-13,2026-01-27 18:29:44
{198},A81,irhodes@example.net,2025-03-19,2026-01-13 18:51:25
{199},A81,karafranco@example.org,2025-07-03,2026-01-08 15:25:14
{200},A81,jamesjensen@example.com,2025-07-07,2026-01-08 18:08:50
{201},A81,robertnelson@example.org,2025-03-19,2026-01-06 13:29:47
{202},A82,jennifer36@example.org,2025-06-07,2026-01-05 21:40:08
{203},A82,charles91@example.com,2025-03-02,2026-01-07 11:44:06
{204},A83,jknapp@example.com,2025-03-29,2026-01-06 19:28:22
{205},A83,michellemurphy@example.org,2025-02-19,2026-01-13 10:03:33
{206},A83,ginafowler@example.org,2025-11-05,2026-01-20 23:02:35
{207},A83,ugriffin@example.org,2025-02-25,2026-01-23 08:29:23
{208},A84,kristen77@example.org,2025-03-27,2026-01-05 20:24:04
{209},A84,thomasroberto@example.org,2025-09-05,2026-01-14 16:14:43
{210},A84,cscott@example.org,2025-04-12,2026-01-04 02:27:35
{211},A84,jennifermckee@example.net,2025-08-16,2026-01-13 20:24:25
{212},A85,jonesleah@example.org,2025-12-23,2026-01-29 11:19:35
{213},A85,patrick79@example.com,2025-11-15,2026-01-18 10:33:22
{214},A85,whall@example.org,2025-07-28,2026-01-12 21:41:37
{215},A86,melissa51@example.com,2025-02-09,2026-01-18 04:56:06
{216},A86,gregory61@example.org,2025-10-21,2026-01-27 11:12:56
{217},A86,nicholas05@example.org,2026-01-26,2026-01-05 19:52:37
{218},A86,christine29@example.org,2025-04-22,2026-01-30 17:18:20
{219},A87,hallhector@example.com,2025-12-12,2026-01-08 02:16:36
{220},A87,flemingjonathan@example.net,2025-06-12,2026-01-11 13:03:47
{221},A87,amyparks@example.org,2025-03-18,2026-01-28 14:38:39
{222},A88,zjones@example.com,2025-10-15,2026-01-15 14:04:10
{223},A88,tpope@example.com,2025-11-29,2026-01-29 06:20:02
{224},A88,jonesjoseph@example.com,2025-05-05,2026-01-28 13:38:08
{225},A89,katie19@example.org,2025-12-26,2026-01-09 10:46:53
{226},A89,stonedanielle@example.com,2025-08-07,2026-01-24 21:14:34
{227},A89,taylorcrystal@example.net,2025-09-17,2026-01-03 19:47:14
{228},A89,dianecharles@example.org,2025-08-20,2026-01-27 18:08:47
{229},A90,brendalopez@example.net,2025-12-16,2026-01-19 04:10:27
{230},A90,rebeccareyes@example.net,2025-02-09,2026-01-22 15:52:10
{231},A90,aarongibson@example.com,2025-11-07,2026-01-08 11:22:17
{232},A90,dlarson@example.net,2025-10-19,2026-01-27 17:32:22
{233},A91,weaverstanley@example.net,2025-03-26,2026-01-18 05:47:54
{234},A91,vfuller@example.org,2025-05-06,2026-01-16 09:18:00
{235},A91,kfarmer@example.com,2025-04-25,2026-01-05 20:13:39
{236},A92,browningeddie@example.org,2025-08-09,2026-01-21 06:57:21
{237},A92,warnerkaren@example.com,2025-11-01,2026-01-23 12:50:04
{238},A92,huangjames@example.com,2025-02-25,2026-01-03 17:15:54
{239},A92,juliekeller@example.net,2025-09-12,2026-01-04 22:13:12
{240},A93,pnichols@example.net,2025-10-01,2026-01-11 15:57:56
{241},A93,vickikaiser@example.com,2025-07-27,2026-01-11 07:45:53
{242},A94,nturner@example.org,2025-12-05,2026-01-22 02:52:41
{243},A94,burgesschristopher@example.com,2025-05-05,2026-01-26 08:10:35
{244},A94,larrymartinez@example.com,2025-08-18,2026-01-24 05:29:59
{245},A95,proctorcathy@example.org,2025-04-17,2026-01-24 03:57:11
{246},A95,odouglas@example.net,2026-01-23,2026-01-11 06:22:13
{247},A95,leonardmitchell@example.org,2025-02-27,2026-01-19 15:30:56
{248},A96,veronica15@example.net,2025-02-12,2026-01-07 12:05:49
{249},A97,audreycastro@example.net,2025-03-31,2026-01-04 16:22:56
{250},A97,megannicholson@example.org,2025-03-13,2026-01-14 19:21:28
{251},A97,brent83@example.org,2026-01-14,2026-01-18 05:36:51
{252},A98,kimberlysanford@example.com,2025-12-14,2026-01-15 15:28:29
{253},A98,gguzman@example.com,2025-03-13,2026-01-15 16:31:03
{254},A99,kirkbrett@example.com,2025-11-09,2026-01-10 03:53:03
{255},A99,uevans@example.net,2025-10-28,2026-01-08 07:04:19
{256},A99,evansamber@example.com,2025-08-26,2026-01-12 05:11:02
{257},A99,meyerjennifer@example.net,2025-02-12,2026-01-20 00:12:43
{258},A100,carolynmullen@example.net,2025-02-09,2026-01-14 06:10:10
{259},A100,mathewholder@example.com,2025-05-06,2026-01-03 19:53:48
