payment_id,subscription_id,account_id,payment_date,amount,payment_status,created_at
P1,S1,A1,2025-07-10,1000,success,2025-07-12
P2,S1,A1,2025-08-09,1000,success,2025-08-09
P3,S1,A1,2025-09-08,1000,success,2025-09-10
P4,S1,A1,2025-10-08,1000,success,2025-10-10
P5,S1,A1,2025-11-07,1000,success,2025-11-09
P6,S1,A1,2025-12-07,1000,success,2025-12-08
P7,S1,A1,2026-01-06,1000,success,2026-01-07
P8,S1,A1,2026-02-05,1000,success,2026-02-07
P9,S1,A1,2026-03-07,1000,success,2026-03-09
P10,S1,A1,2026-04-06,0,failed,2026-04-08
P11,S1,A1,2026-05-06,1000,success,2026-05-08
P12,S1,A1,2026-06-05,1000,success,2026-06-05
P13,S4,A3,2025-05-09,1000,success,2025-05-11
P14,S4,A3,2025-06-08,-1000,success,2025-06-08
P15,S4,A3,2025-07-08,1000,success,2025-07-10
P16,S4,A3,2025-08-07,1000,success,2025-08-07
P17,S4,A3,2025-09-06,1000,success,2025-09-06
P18,S4,A3,2025-10-06,1000,success,2025-10-08
P19,S4,A3,2025-11-05,1000,success,2025-11-05
P20,S4,A3,2025-12-05,1000,success,2025-12-05
P21,S4,A3,2026-01-04,0,failed,2026-01-05
P22,S4,A3,2026-02-03,1000,success,2026-02-04
P23,S4,A3,2026-03-05,0,failed,2026-03-05
P24,S4,A3,2026-04-04,1000,success,2026-04-06
P25,S6,A4,2025-06-17,1000,success,2025-06-18
P26,S6,A4,2025-07-17,0,failed,2025-07-18
P27,S6,A4,2025-08-16,1000,success,2025-08-16
P28,S6,A4,2025-09-15,1000,success,2025-09-16
P29,S6,A4,2025-10-15,1000,success,2025-10-15
P30,S6,A4,2025-11-14,1000,success,2025-11-14
P31,S6,A4,2025-12-14,1000,success,2025-12-14
P32,S6,A4,2026-01-13,1000,success,2026-01-13
P33,S6,A4,2026-02-12,1000,success,2026-02-12
P34,S6,A4,2026-03-14,-1000,success,2026-03-15
P35,S6,A4,2026-04-13,1000,success,2026-04-13
P36,S6,A4,2026-05-13,1000,success,2026-05-14
P37,S7,A5,2025-05-21,1000,success,2025-05-23
P38,S7,A5,2025-06-20,0,failed,2025-06-22
P39,S7,A5,2025-07-20,0,failed,2025-07-22
P40,S7,A5,2025-08-19,1000,success,2025-08-21
P41,S7,A5,2025-09-18,1000,success,2025-09-20
P42,S7,A5,2025-10-18,1000,success,2025-10-19
P43,S7,A5,2025-11-17,1000,success,2025-11-19
P44,S7,A5,2025-12-17,1000,success,2025-12-19
P45,S7,A5,2026-01-16,1000,success,2026-01-16
P46,S7,A5,2026-02-15,1000,success,2026-02-17
P47,S7,A5,2026-03-17,1000,success,2026-03-18
P48,S7,A5,2026-04-16,-1000,success,2026-04-17
P49,S11,A9,2025-08-07,1000,success,2025-08-08
P50,S12,A9,2026-09-06,-10000,success,2026-09-06
P51,S13,A10,2025-07-13,1000,success,2025-07-13
P52,S13,A10,2025-08-12,1000,success,2025-08-14
P53,S14,A11,2025-03-13,1000,success,2025-03-14
P54,S14,A11,2025-04-12,1000,success,2025-04-12
P55,S14,A11,2025-05-12,1000,success,2025-05-13
P56,S14,A11,2025-06-11,1000,success,2025-06-12
P57,S14,A11,2025-07-11,1000,success,2025-07-11
P58,S14,A11,2025-08-10,1000,success,2025-08-10
P59,S14,A11,2025-09-09,0,failed,2025-09-09
P60,S14,A11,2025-10-09,1000,success,2025-10-09
P61,S14,A11,2025-11-08,0,failed,2025-11-09
P62,S14,A11,2025-12-08,1000,success,2025-12-09
P63,S14,A11,2026-01-07,1000,success,2026-01-08
P64,S14,A11,2026-02-06,0,failed,2026-02-08
P65,S16,A12,2025-04-19,1000,success,2025-04-19
P66,S16,A12,2025-05-19,1000,success,2025-05-21
P67,S16,A12,2025-06-18,1000,success,2025-06-20
P68,S16,A12,2025-07-18,1000,success,2025-07-18
P69,S16,A12,2025-08-17,-1000,success,2025-08-19
P70,S16,A12,2025-09-16,1000,success,2025-09-16
P71,S16,A12,2025-10-16,1000,success,2025-10-17
P72,S16,A12,2025-11-15,0,failed,2025-11-17
P73,S16,A12,2025-12-15,-1000,success,2025-12-16
P74,S16,A12,2026-01-14,-1000,success,2026-01-15
P75,S16,A12,2026-02-13,0,failed,2026-02-13
P76,S16,A12,2026-03-15,1000,success,2026-03-16
P77,S17,A12,2026-04-24,10000,success,2026-04-25
P78,S18,A13,2025-06-28,1000,success,2025-06-28
P79,S18,A13,2025-07-28,1000,success,2025-07-30
P80,S18,A13,2025-08-27,0,failed,2025-08-29
P81,S18,A13,2025-09-26,1000,success,2025-09-26
P82,S18,A13,2025-10-26,1000,success,2025-10-27
P83,S18,A13,2025-11-25,1000,success,2025-11-25
P84,S18,A13,2025-12-25,1000,success,2025-12-25
P85,S18,A13,2026-01-24,1000,success,2026-01-26
P86,S18,A13,2026-02-23,1000,success,2026-02-23
P87,S18,A13,2026-03-25,1000,success,2026-03-25
P88,S18,A13,2026-04-24,1000,success,2026-04-26
P89,S18,A13,2026-05-24,1000,success,2026-05-25
P90,S19,A13,2026-01-24,0,failed,2026-01-24
P91,S19,A13,2026-02-23,1000,success,2026-02-25
P92,S19,A13,2026-03-25,1000,success,2026-03-27
P93,S19,A13,2026-04-24,1000,success,2026-04-26
P94,S19,A13,2026-05-24,1000,success,2026-05-26
P95,S19,A13,2026-06-23,-1000,success,2026-06-23
P96,S19,A13,2026-07-23,1000,success,2026-07-23
P97,S19,A13,2026-08-22,1000,success,2026-08-23
P98,S19,A13,2026-09-21,1000,success,2026-09-23
P99,S19,A13,2026-10-21,1000,success,2026-10-22
P100,S19,A13,2026-11-20,1000,success,2026-11-22
P101,S19,A13,2026-12-20,1000,success,2026-12-22
P102,S20,A14,2025-04-20,1000,success,2025-04-20
P103,S20,A14,2025-05-20,1000,success,2025-05-22
P104,S21,A14,2025-06-19,-5000,success,2025-06-20
P105,S21,A14,2025-07-19,5000,success,2025-07-20
P106,S21,A14,2025-08-18,5000,success,2025-08-19
P107,S21,A14,2025-09-17,5000,success,2025-09-19
P108,S21,A14,2025-10-17,5000,success,2025-10-18
P109,S21,A14,2025-11-16,5000,success,2025-11-16
P110,S21,A14,2025-12-16,5000,success,2025-12-18
P111,S21,A14,2026-01-15,5000,success,2026-01-15
P112,S21,A14,2026-02-14,5000,success,2026-02-15
P113,S21,A14,2026-03-16,5000,success,2026-03-17
P114,S21,A14,2026-04-15,5000,success,2026-04-17
P115,S21,A14,2026-05-15,5000,success,2026-05-17
P116,S25,A16,2025-06-12,5000,success,2025-06-13
P117,S25,A16,2025-07-12,0,failed,2025-07-13
P118,S25,A16,2025-08-11,0,failed,2025-08-13
P119,S25,A16,2025-09-10,5000,success,2025-09-10
P120,S25,A16,2025-10-10,0,failed,2025-10-11
P121,S25,A16,2025-11-09,5000,success,2025-11-09
P122,S25,A16,2025-12-09,5000,success,2025-12-09
P123,S25,A16,2026-01-08,5000,success,2026-01-08
P124,S25,A16,2026-02-07,5000,success,2026-02-09
P125,S25,A16,2026-03-09,5000,success,2026-03-10
P126,S25,A16,2026-04-08,5000,success,2026-04-08
P127,S25,A16,2026-05-08,5000,success,2026-05-10
P128,S26,A17,2025-05-05,1000,success,2025-05-05
P129,S26,A17,2025-06-04,1000,success,2025-06-04
P130,S26,A17,2025-07-04,1000,success,2025-07-04
P131,S26,A17,2025-08-03,1000,success,2025-08-03
P132,S26,A17,2025-09-02,1000,success,2025-09-02
P133,S26,A17,2025-10-02,1000,success,2025-10-03
P134,S26,A17,2025-11-01,0,failed,2025-11-01
P135,S26,A17,2025-12-01,1000,success,2025-12-01
P136,S26,A17,2025-12-31,1000,success,2026-01-02
P137,S26,A17,2026-01-30,1000,success,2026-01-30
P138,S26,A17,2026-03-01,1000,success,2026-03-01
P139,S26,A17,2026-03-31,1000,success,2026-03-31
P140,S27,A17,2025-07-09,1000,success,2025-07-09
P141,S27,A17,2025-08-08,0,failed,2025-08-09
P142,S27,A17,2025-09-07,0,failed,2025-09-08
P143,S27,A17,2025-10-07,1000,success,2025-10-07
P144,S27,A17,2025-11-06,1000,success,2025-11-08
P145,S27,A17,2025-12-06,1000,success,2025-12-06
P146,S27,A17,2026-01-05,1000,success,2026-01-06
P147,S27,A17,2026-02-04,1000,success,2026-02-06
P148,S27,A17,2026-03-06,1000,success,2026-03-06
P149,S27,A17,2026-04-05,1000,success,2026-04-06
P150,S27,A17,2026-05-05,1000,success,2026-05-05
P151,S27,A17,2026-06-04,1000,success,2026-06-04
P152,S29,A18,2025-08-27,5000,success,2025-08-27
P153,S29,A18,2025-09-26,5000,success,2025-09-26
P154,S29,A18,2025-10-26,-5000,success,2025-10-27
P155,S29,A18,2025-11-25,5000,success,2025-11-26
P156,S29,A18,2025-12-25,5000,success,2025-12-27
P157,S29,A18,2026-01-24,0,failed,2026-01-25
P158,S33,A20,2026-05-24,50000,success,2026-05-26
P159,S35,A21,2025-08-17,1000,success,2025-08-18
P160,S35,A21,2025-09-16,1000,success,2025-09-18
P161,S37,A22,2025-04-17,0,failed,2025-04-18
P162,S37,A22,2025-05-17,1000,success,2025-05-19
P163,S37,A22,2025-06-16,1000,success,2025-06-18
P164,S37,A22,2025-07-16,1000,success,2025-07-18
P165,S37,A22,2025-08-15,0,failed,2025-08-17
P166,S37,A22,2025-09-14,1000,success,2025-09-14
P167,S37,A22,2025-10-14,0,failed,2025-10-14
P168,S37,A22,2025-11-13,1000,success,2025-11-13
P169,S37,A22,2025-12-13,1000,success,2025-12-14
P170,S37,A22,2026-01-12,1000,success,2026-01-12
P171,S37,A22,2026-02-11,1000,success,2026-02-13
P172,S37,A22,2026-03-13,1000,success,2026-03-15
P173,S38,A22,2025-10-19,1000,success,2025-10-20
P174,S38,A22,2025-11-18,1000,success,2025-11-20
P175,S38,A22,2025-12-18,1000,success,2025-12-18
P176,S38,A22,2026-01-17,1000,success,2026-01-19
P177,S38,A22,2026-02-16,1000,success,2026-02-18
P178,S38,A22,2026-03-18,1000,success,2026-03-18
P179,S38,A22,2026-04-17,1000,success,2026-04-19
P180,S38,A22,2026-05-17,1000,success,2026-05-18
P181,S38,A22,2026-06-16,1000,success,2026-06-16
P182,S38,A22,2026-07-16,1000,success,2026-07-16
P183,S38,A22,2026-08-15,1000,success,2026-08-17
P184,S38,A22,2026-09-14,1000,success,2026-09-14
P185,S40,A23,2025-06-13,1000,success,2025-06-13
P186,S40,A23,2025-07-13,1000,success,2025-07-15
P187,S40,A23,2025-08-12,1000,success,2025-08-14
P188,S40,A23,2025-09-11,1000,success,2025-09-12
P189,S40,A23,2025-10-11,1000,success,2025-10-11
P190,S40,A23,2025-11-10,-1000,success,2025-11-10
P191,S40,A23,2025-12-10,0,failed,2025-12-11
P192,S40,A23,2026-01-09,1000,success,2026-01-10
P193,S40,A23,2026-02-08,0,failed,2026-02-09
P194,S40,A23,2026-03-10,1000,success,2026-03-11
P195,S40,A23,2026-04-09,1000,success,2026-04-11
P196,S40,A23,2026-05-09,1000,success,2026-05-09
P197,S42,A23,2027-03-10,10000,success,2027-03-12
P198,S44,A24,2025-12-02,1000,success,2025-12-02
P199,S44,A24,2026-01-01,0,failed,2026-01-03
P200,S44,A24,2026-01-31,1000,success,2026-02-01
P201,S44,A24,2026-03-02,0,failed,2026-03-02
P202,S44,A24,2026-04-01,1000,success,2026-04-01
P203,S44,A24,2026-05-01,1000,success,2026-05-03
P204,S44,A24,2026-05-31,1000,success,2026-06-02
P205,S44,A24,2026-06-30,1000,success,2026-07-02
P206,S44,A24,2026-07-30,0,failed,2026-07-30
P207,S44,A24,2026-08-29,1000,success,2026-08-30
P208,S44,A24,2026-09-28,1000,success,2026-09-29
P209,S44,A24,2026-10-28,1000,success,2026-10-30
P210,S46,A25,2025-04-06,1000,success,2025-04-08
P211,S46,A25,2025-05-06,1000,success,2025-05-08
P212,S46,A25,2025-06-05,1000,success,2025-06-05
P213,S46,A25,2025-07-05,1000,success,2025-07-06
P214,S46,A25,2025-08-04,0,failed,2025-08-05
P215,S46,A25,2025-09-03,1000,success,2025-09-03
P216,S46,A25,2025-10-03,1000,success,2025-10-04
P217,S46,A25,2025-11-02,1000,success,2025-11-03
P218,S46,A25,2025-12-02,1000,success,2025-12-02
P219,S46,A25,2026-01-01,1000,success,2026-01-01
P220,S46,A25,2026-01-31,1000,success,2026-01-31
P221,S46,A25,2026-03-02,1000,success,2026-03-03
P222,S47,A26,2025-06-16,1000,success,2025-06-16
P223,S47,A26,2025-07-16,1000,success,2025-07-18
P224,S47,A26,2025-08-15,1000,success,2025-08-16
P225,S47,A26,2025-09-14,1000,success,2025-09-14
P226,S47,A26,2025-10-14,1000,success,2025-10-16
P227,S47,A26,2025-11-13,1000,success,2025-11-14
P228,S47,A26,2025-12-13,1000,success,2025-12-14
P229,S47,A26,2026-01-12,1000,success,2026-01-14
P230,S47,A26,2026-02-11,0,failed,2026-02-12
P231,S47,A26,2026-03-13,1000,success,2026-03-13
P232,S47,A26,2026-04-12,1000,success,2026-04-13
P233,S47,A26,2026-05-12,0,failed,2026-05-13
P234,S48,A27,2025-07-03,1000,success,2025-07-04
P235,S48,A27,2025-08-02,1000,success,2025-08-03
P236,S48,A27,2025-09-01,0,failed,2025-09-02
P237,S48,A27,2025-10-01,0,failed,2025-10-03
P238,S48,A27,2025-10-31,1000,success,2025-11-02
P239,S48,A27,2025-11-30,1000,success,2025-12-02
P240,S48,A27,2025-12-30,1000,success,2025-12-31
P241,S48,A27,2026-01-29,1000,success,2026-01-29
P242,S48,A27,2026-02-28,1000,success,2026-03-02
P243,S48,A27,2026-03-30,1000,success,2026-04-01
P244,S48,A27,2026-04-29,1000,success,2026-05-01
P245,S48,A27,2026-05-29,1000,success,2026-05-30
P246,S49,A27,2025-08-17,1000,success,2025-08-19
P247,S49,A27,2025-09-16,-1000,success,2025-09-18
P248,S49,A27,2025-10-16,1000,success,2025-10-16
P249,S52,A28,2025-09-25,5000,success,2025-09-26
P250,S52,A28,2025-10-25,0,failed,2025-10-25
P251,S52,A28,2025-11-24,5000,success,2025-11-24
P252,S57,A32,2025-06-26,1000,success,2025-06-27
P253,S57,A32,2025-07-26,1000,success,2025-07-27
P254,S57,A32,2025-08-25,1000,success,2025-08-26
P255,S57,A32,2025-09-24,-1000,success,2025-09-26
P256,S57,A32,2025-10-24,1000,success,2025-10-25
P257,S57,A32,2025-11-23,1000,success,2025-11-24
P258,S57,A32,2025-12-23,1000,success,2025-12-25
P259,S57,A32,2026-01-22,1000,success,2026-01-22
P260,S57,A32,2026-02-21,1000,success,2026-02-21
P261,S57,A32,2026-03-23,1000,success,2026-03-25
P262,S57,A32,2026-04-22,0,failed,2026-04-24
P263,S57,A32,2026-05-22,1000,success,2026-05-24
P264,S58,A32,2026-09-24,10000,success,2026-09-26
P265,S59,A33,2025-03-14,0,failed,2025-03-15
P266,S59,A33,2025-04-13,-1000,success,2025-04-13
P267,S59,A33,2025-05-13,1000,success,2025-05-14
P268,S59,A33,2025-06-12,1000,success,2025-06-12
P269,S59,A33,2025-07-12,1000,success,2025-07-13
P270,S59,A33,2025-08-11,1000,success,2025-08-11
P271,S59,A33,2025-09-10,1000,success,2025-09-10
P272,S59,A33,2025-10-10,1000,success,2025-10-11
P273,S59,A33,2025-11-09,0,failed,2025-11-09
P274,S59,A33,2025-12-09,1000,success,2025-12-09
P275,S59,A33,2026-01-08,1000,success,2026-01-10
P276,S59,A33,2026-02-07,1000,success,2026-02-08
P277,S60,A33,2026-03-19,50000,success,2026-03-20
P278,S63,A34,2026-07-08,-10000,success,2026-07-08
P279,S64,A35,2025-05-25,-1000,success,2025-05-25
P280,S64,A35,2025-06-24,1000,success,2025-06-24
P281,S64,A35,2025-07-24,1000,success,2025-07-25
P282,S64,A35,2025-08-23,1000,success,2025-08-25
P283,S64,A35,2025-09-22,-1000,success,2025-09-24
P284,S64,A35,2025-10-22,1000,success,2025-10-24
P285,S64,A35,2025-11-21,1000,success,2025-11-22
P286,S64,A35,2025-12-21,1000,success,2025-12-21
P287,S64,A35,2026-01-20,0,failed,2026-01-22
P288,S64,A35,2026-02-19,1000,success,2026-02-21
P289,S64,A35,2026-03-21,0,failed,2026-03-21
P290,S64,A35,2026-04-20,1000,success,2026-04-21
P291,S65,A36,2025-04-12,1000,success,2025-04-12
P292,S65,A36,2025-05-12,1000,success,2025-05-12
P293,S65,A36,2025-06-11,1000,success,2025-06-13
P294,S65,A36,2025-07-11,1000,success,2025-07-12
P295,S65,A36,2025-08-10,1000,success,2025-08-10
P296,S65,A36,2025-09-09,0,failed,2025-09-09
P297,S65,A36,2025-10-09,0,failed,2025-10-09
P298,S65,A36,2025-11-08,1000,success,2025-11-08
P299,S65,A36,2025-12-08,1000,success,2025-12-09
P300,S65,A36,2026-01-07,1000,success,2026-01-07
P301,S65,A36,2026-02-06,1000,success,2026-02-08
P302,S65,A36,2026-03-08,1000,success,2026-03-08
P303,S71,A41,2025-07-27,1000,success,2025-07-27
P304,S71,A41,2025-08-26,1000,success,2025-08-28
P305,S71,A41,2025-09-25,0,failed,2025-09-25
P306,S71,A41,2025-10-25,-1000,success,2025-10-27
P307,S71,A41,2025-11-24,0,failed,2025-11-26
P308,S71,A41,2025-12-24,1000,success,2025-12-25
P309,S71,A41,2026-01-23,1000,success,2026-01-23
P310,S71,A41,2026-02-22,1000,success,2026-02-22
P311,S71,A41,2026-03-24,1000,success,2026-03-24
P312,S71,A41,2026-04-23,0,failed,2026-04-25
P313,S71,A41,2026-05-23,1000,success,2026-05-24
P314,S71,A41,2026-06-22,1000,success,2026-06-24
P315,S72,A41,2025-09-25,5000,success,2025-09-25
P316,S72,A41,2025-10-25,0,failed,2025-10-27
P317,S72,A41,2025-11-24,0,failed,2025-11-25
P318,S72,A41,2025-12-24,5000,success,2025-12-26
P319,S72,A41,2026-01-23,5000,success,2026-01-25
P320,S72,A41,2026-02-22,5000,success,2026-02-23
P321,S72,A41,2026-03-24,5000,success,2026-03-26
P322,S72,A41,2026-04-23,5000,success,2026-04-23
P323,S72,A41,2026-05-23,5000,success,2026-05-23
P324,S72,A41,2026-06-22,5000,success,2026-06-22
P325,S72,A41,2026-07-22,5000,success,2026-07-23
P326,S72,A41,2026-08-21,5000,success,2026-08-21
P327,S75,A42,2025-11-08,1000,success,2025-11-10
P328,S75,A42,2025-12-08,1000,success,2025-12-08
P329,S75,A42,2026-01-07,1000,success,2026-01-07
P330,S75,A42,2026-02-06,1000,success,2026-02-07
P331,S75,A42,2026-03-08,1000,success,2026-03-09
P332,S75,A42,2026-04-07,0,failed,2026-04-09
P333,S75,A42,2026-05-07,0,failed,2026-05-09
P334,S75,A42,2026-06-06,1000,success,2026-06-08
P335,S75,A42,2026-07-06,1000,success,2026-07-08
P336,S75,A42,2026-08-05,-1000,success,2026-08-06
P337,S75,A42,2026-09-04,1000,success,2026-09-04
P338,S75,A42,2026-10-04,0,failed,2026-10-05
P339,S78,A44,2025-07-03,5000,success,2025-07-05
P340,S78,A44,2025-08-02,5000,success,2025-08-04
P341,S78,A44,2025-09-01,5000,success,2025-09-01
P342,S78,A44,2025-10-01,5000,success,2025-10-02
P343,S78,A44,2025-10-31,5000,success,2025-10-31
P344,S78,A44,2025-11-30,5000,success,2025-11-30
P345,S78,A44,2025-12-30,5000,success,2025-12-31
P346,S78,A44,2026-01-29,0,failed,2026-01-30
P347,S78,A44,2026-02-28,5000,success,2026-03-02
P348,S78,A44,2026-03-30,-5000,success,2026-04-01
P349,S78,A44,2026-04-29,5000,success,2026-05-01
P350,S78,A44,2026-05-29,5000,success,2026-05-30
P351,S79,A44,2025-09-16,0,failed,2025-09-17
P352,S79,A44,2025-10-16,5000,success,2025-10-18
P353,S79,A44,2025-11-15,0,failed,2025-11-15
P354,S79,A44,2025-12-15,5000,success,2025-12-16
P355,S79,A44,2026-01-14,5000,success,2026-01-14
P356,S79,A44,2026-02-13,5000,success,2026-02-14
P357,S79,A44,2026-03-15,5000,success,2026-03-16
P358,S79,A44,2026-04-14,5000,success,2026-04-15
P359,S79,A44,2026-05-14,0,failed,2026-05-15
P360,S79,A44,2026-06-13,5000,success,2026-06-15
P361,S79,A44,2026-07-13,5000,success,2026-07-14
P362,S79,A44,2026-08-12,5000,success,2026-08-12
P363,S83,A47,2026-07-01,10000,success,2026-07-02
P364,S86,A49,2026-10-03,10000,success,2026-10-05
P365,S88,A51,2025-07-24,1000,success,2025-07-26
P366,S88,A51,2025-08-23,1000,success,2025-08-25
P367,S88,A51,2025-09-22,1000,success,2025-09-24
P368,S88,A51,2025-10-22,1000,success,2025-10-24
P369,S88,A51,2025-11-21,-1000,success,2025-11-23
P370,S88,A51,2025-12-21,1000,success,2025-12-23
P371,S88,A51,2026-01-20,1000,success,2026-01-21
P372,S88,A51,2026-02-19,1000,success,2026-02-19
P373,S88,A51,2026-03-21,1000,success,2026-03-22
P374,S88,A51,2026-04-20,1000,success,2026-04-21
P375,S88,A51,2026-05-20,1000,success,2026-05-20
P376,S88,A51,2026-06-19,1000,success,2026-06-21
P377,S89,A51,2025-09-22,5000,success,2025-09-22
P378,S89,A51,2025-10-22,5000,success,2025-10-24
P379,S89,A51,2025-11-21,5000,success,2025-11-22
P380,S89,A51,2025-12-21,5000,success,2025-12-22
P381,S89,A51,2026-01-20,5000,success,2026-01-20
P382,S89,A51,2026-02-19,5000,success,2026-02-19
P383,S89,A51,2026-03-21,5000,success,2026-03-22
P384,S89,A51,2026-04-20,5000,success,2026-04-20
P385,S89,A51,2026-05-20,5000,success,2026-05-21
P386,S89,A51,2026-06-19,-5000,success,2026-06-20
P387,S89,A51,2026-07-19,5000,success,2026-07-19
P388,S89,A51,2026-08-18,5000,success,2026-08-20
P389,S91,A52,2025-08-08,1000,success,2025-08-08
P390,S91,A52,2025-09-07,1000,success,2025-09-08
P391,S91,A52,2025-10-07,1000,success,2025-10-07
P392,S91,A52,2025-11-06,1000,success,2025-11-07
P393,S91,A52,2025-12-06,-1000,success,2025-12-08
P394,S91,A52,2026-01-05,1000,success,2026-01-06
P395,S91,A52,2026-02-04,1000,success,2026-02-05
P396,S91,A52,2026-03-06,1000,success,2026-03-08
P397,S91,A52,2026-04-05,1000,success,2026-04-06
P398,S91,A52,2026-05-05,1000,success,2026-05-05
P399,S91,A52,2026-06-04,0,failed,2026-06-05
P400,S91,A52,2026-07-04,1000,success,2026-07-05
P401,S93,A54,2025-06-19,1000,success,2025-06-20
P402,S93,A54,2025-07-19,1000,success,2025-07-21
P403,S93,A54,2025-08-18,1000,success,2025-08-19
P404,S93,A54,2025-09-17,1000,success,2025-09-19
P405,S93,A54,2025-10-17,1000,success,2025-10-19
P406,S93,A54,2025-11-16,1000,success,2025-11-18
P407,S93,A54,2025-12-16,1000,success,2025-12-16
P408,S93,A54,2026-01-15,1000,success,2026-01-16
P409,S93,A54,2026-02-14,1000,success,2026-02-15
P410,S93,A54,2026-03-16,1000,success,2026-03-17
P411,S93,A54,2026-04-15,1000,success,2026-04-17
P412,S93,A54,2026-05-15,1000,success,2026-05-15
P413,S94,A55,2025-04-25,1000,success,2025-04-25
P414,S94,A55,2025-05-25,0,failed,2025-05-26
P415,S95,A55,2025-07-09,5000,success,2025-07-09
P416,S95,A55,2025-08-08,5000,success,2025-08-08
P417,S96,A56,2025-07-09,1000,success,2025-07-11
P418,S96,A56,2025-08-08,0,failed,2025-08-10
P419,S96,A56,2025-09-07,1000,success,2025-09-09
P420,S96,A56,2025-10-07,1000,success,2025-10-09
P421,S96,A56,2025-11-06,1000,success,2025-11-08
P422,S96,A56,2025-12-06,0,failed,2025-12-08
P423,S96,A56,2026-01-05,-1000,success,2026-01-07
P424,S96,A56,2026-02-04,1000,success,2026-02-06
P425,S96,A56,2026-03-06,1000,success,2026-03-06
P426,S96,A56,2026-04-05,1000,success,2026-04-05
P427,S96,A56,2026-05-05,1000,success,2026-05-05
P428,S96,A56,2026-06-04,0,failed,2026-06-04
P429,S97,A56,2026-02-04,1000,success,2026-02-04
P430,S97,A56,2026-03-06,1000,success,2026-03-06
P431,S97,A56,2026-04-05,1000,success,2026-04-07
P432,S97,A56,2026-05-05,0,failed,2026-05-06
P433,S97,A56,2026-06-04,1000,success,2026-06-05
P434,S97,A56,2026-07-04,1000,success,2026-07-04
P435,S97,A56,2026-08-03,1000,success,2026-08-03
P436,S97,A56,2026-09-02,1000,success,2026-09-04
P437,S97,A56,2026-10-02,1000,success,2026-10-04
P438,S97,A56,2026-11-01,1000,success,2026-11-02
P439,S97,A56,2026-12-01,0,failed,2026-12-03
P440,S97,A56,2026-12-31,1000,success,2027-01-01
P441,S98,A57,2025-05-11,1000,success,2025-05-13
P442,S98,A57,2025-06-10,-1000,success,2025-06-10
P443,S98,A57,2025-07-10,1000,success,2025-07-11
P444,S98,A57,2025-08-09,1000,success,2025-08-09
P445,S98,A57,2025-09-08,1000,success,2025-09-10
P446,S98,A57,2025-10-08,1000,success,2025-10-08
P447,S98,A57,2025-11-07,1000,success,2025-11-07
P448,S98,A57,2025-12-07,1000,success,2025-12-07
P449,S98,A57,2026-01-06,1000,success,2026-01-08
P450,S98,A57,2026-02-05,0,failed,2026-02-07
P451,S98,A57,2026-03-07,1000,success,2026-03-09
P452,S98,A57,2026-04-06,1000,success,2026-04-06
P453,S99,A58,2025-07-11,1000,success,2025-07-13
P454,S99,A58,2025-08-10,1000,success,2025-08-12
P455,S99,A58,2025-09-09,1000,success,2025-09-10
P456,S99,A58,2025-10-09,1000,success,2025-10-11
P457,S99,A58,2025-11-08,0,failed,2025-11-10
P458,S99,A58,2025-12-08,1000,success,2025-12-09
P459,S99,A58,2026-01-07,1000,success,2026-01-08
P460,S99,A58,2026-02-06,0,failed,2026-02-06
P461,S99,A58,2026-03-08,1000,success,2026-03-10
P462,S99,A58,2026-04-07,1000,success,2026-04-09
P463,S99,A58,2026-05-07,0,failed,2026-05-09
P464,S99,A58,2026-06-06,1000,success,2026-06-06
P465,S105,A60,2026-05-29,50000,success,2026-05-30
P466,S108,A62,2025-06-27,0,failed,2025-06-29
P467,S108,A62,2025-07-27,1000,success,2025-07-29
P468,S108,A62,2025-08-26,0,failed,2025-08-28
P469,S108,A62,2025-09-25,1000,success,2025-09-25
P470,S108,A62,2025-10-25,1000,success,2025-10-27
P471,S108,A62,2025-11-24,1000,success,2025-11-24
P472,S108,A62,2025-12-24,1000,success,2025-12-26
P473,S108,A62,2026-01-23,1000,success,2026-01-24
P474,S108,A62,2026-02-22,1000,success,2026-02-23
P475,S108,A62,2026-03-24,1000,success,2026-03-25
P476,S108,A62,2026-04-23,1000,success,2026-04-25
P477,S108,A62,2026-05-23,1000,success,2026-05-25
P478,S109,A62,2025-07-27,5000,success,2025-07-27
P479,S109,A62,2025-08-26,5000,success,2025-08-27
P480,S109,A62,2025-09-25,-5000,success,2025-09-26
P481,S109,A62,2025-10-25,5000,success,2025-10-27
P482,S109,A62,2025-11-24,-5000,success,2025-11-26
P483,S109,A62,2025-12-24,5000,success,2025-12-25
P484,S109,A62,2026-01-23,5000,success,2026-01-23
P485,S109,A62,2026-02-22,5000,success,2026-02-22
P486,S109,A62,2026-03-24,0,failed,2026-03-25
P487,S109,A62,2026-04-23,5000,success,2026-04-23
P488,S109,A62,2026-05-23,5000,success,2026-05-23
P489,S109,A62,2026-06-22,5000,success,2026-06-22
P490,S110,A63,2025-05-10,1000,success,2025-05-10
P491,S111,A63,2025-06-14,5000,success,2025-06-14
P492,S111,A63,2025-07-14,5000,success,2025-07-15
P493,S115,A66,2025-10-03,1000,success,2025-10-05
P494,S115,A66,2025-11-02,1000,success,2025-11-02
P495,S115,A66,2025-12-02,1000,success,2025-12-04
P496,S115,A66,2026-01-01,1000,success,2026-01-01
P497,S115,A66,2026-01-31,1000,success,2026-02-01
P498,S115,A66,2026-03-02,1000,success,2026-03-04
P499,S115,A66,2026-04-01,1000,success,2026-04-03
P500,S115,A66,2026-05-01,1000,success,2026-05-02
P501,S115,A66,2026-05-31,1000,success,2026-06-02
P502,S115,A66,2026-06-30,1000,success,2026-07-02
P503,S115,A66,2026-07-30,1000,success,2026-07-30
P504,S115,A66,2026-08-29,1000,success,2026-08-31
P505,S116,A67,2025-08-24,1000,success,2025-08-26
P506,S116,A67,2025-09-23,1000,success,2025-09-25
P507,S116,A67,2025-10-23,1000,success,2025-10-25
P508,S116,A67,2025-11-22,1000,success,2025-11-23
P509,S116,A67,2025-12-22,1000,success,2025-12-24
P510,S116,A67,2026-01-21,1000,success,2026-01-23
P511,S116,A67,2026-02-20,1000,success,2026-02-22
P512,S116,A67,2026-03-22,-1000,success,2026-03-22
P513,S116,A67,2026-04-21,1000,success,2026-04-22
P514,S116,A67,2026-05-21,0,failed,2026-05-22
P515,S116,A67,2026-06-20,1000,success,2026-06-21
P516,S116,A67,2026-07-20,1000,success,2026-07-21
P517,S119,A69,2026-04-15,50000,success,2026-04-16
P518,S120,A69,2025-08-13,5000,success,2025-08-15
P519,S121,A70,2025-07-23,1000,success,2025-07-24
P520,S121,A70,2025-08-22,1000,success,2025-08-22
P521,S123,A71,2026-01-28,0,failed,2026-01-28
P522,S123,A71,2026-02-27,5000,success,2026-02-28
P523,S124,A72,2025-03-14,1000,success,2025-03-14
P524,S124,A72,2025-04-13,1000,success,2025-04-15
P525,S126,A73,2025-06-12,1000,success,2025-06-14
P526,S126,A73,2025-07-12,1000,success,2025-07-14
P527,S126,A73,2025-08-11,1000,success,2025-08-11
P528,S126,A73,2025-09-10,1000,success,2025-09-11
P529,S126,A73,2025-10-10,1000,success,2025-10-11
P530,S126,A73,2025-11-09,1000,success,2025-11-11
P531,S126,A73,2025-12-09,1000,success,2025-12-09
P532,S126,A73,2026-01-08,0,failed,2026-01-08
P533,S126,A73,2026-02-07,0,failed,2026-02-09
P534,S126,A73,2026-03-09,0,failed,2026-03-09
P535,S126,A73,2026-04-08,0,failed,2026-04-08
P536,S126,A73,2026-05-08,1000,success,2026-05-09
P537,S128,A74,2025-09-19,0,failed,2025-09-19
P538,S128,A74,2025-10-19,5000,success,2025-10-21
P539,S128,A74,2025-11-18,5000,success,2025-11-19
P540,S128,A74,2025-12-18,5000,success,2025-12-18
P541,S128,A74,2026-01-17,5000,success,2026-01-19
P542,S128,A74,2026-02-16,5000,success,2026-02-17
P543,S129,A75,2025-05-16,-1000,success,2025-05-18
P544,S129,A75,2025-06-15,1000,success,2025-06-17
P545,S129,A75,2025-07-15,1000,success,2025-07-17
P546,S130,A75,2025-08-19,1000,success,2025-08-20
P547,S130,A75,2025-09-18,1000,success,2025-09-20
P548,S130,A75,2025-10-18,1000,success,2025-10-18
P549,S130,A75,2025-11-17,1000,success,2025-11-19
P550,S130,A75,2025-12-17,1000,success,2025-12-18
P551,S130,A75,2026-01-16,1000,success,2026-01-17
P552,S130,A75,2026-02-15,1000,success,2026-02-15
P553,S130,A75,2026-03-17,1000,success,2026-03-18
P554,S130,A75,2026-04-16,1000,success,2026-04-16
P555,S130,A75,2026-05-16,1000,success,2026-05-18
P556,S130,A75,2026-06-15,1000,success,2026-06-16
P557,S130,A75,2026-07-15,1000,success,2026-07-16
P558,S132,A76,2025-05-02,1000,success,2025-05-04
P559,S132,A76,2025-06-01,1000,success,2025-06-02
P560,S132,A76,2025-07-01,1000,success,2025-07-01
P561,S133,A76,2025-08-05,5000,success,2025-08-06
P562,S133,A76,2025-09-04,5000,success,2025-09-04
P563,S133,A76,2025-10-04,5000,success,2025-10-05
P564,S133,A76,2025-11-03,5000,success,2025-11-04
P565,S133,A76,2025-12-03,5000,success,2025-12-05
P566,S133,A76,2026-01-02,5000,success,2026-01-04
P567,S133,A76,2026-02-01,5000,success,2026-02-02
P568,S133,A76,2026-03-03,5000,success,2026-03-05
P569,S133,A76,2026-04-02,5000,success,2026-04-03
P570,S133,A76,2026-05-02,5000,success,2026-05-03
P571,S133,A76,2026-06-01,0,failed,2026-06-02
P572,S133,A76,2026-07-01,5000,success,2026-07-03
P573,S136,A78,2025-03-06,1000,success,2025-03-07
P574,S136,A78,2025-04-05,1000,success,2025-04-05
P575,S136,A78,2025-05-05,0,failed,2025-05-07
P576,S136,A78,2025-06-04,1000,success,2025-06-05
P577,S136,A78,2025-07-04,0,failed,2025-07-05
P578,S136,A78,2025-08-03,1000,success,2025-08-03
P579,S136,A78,2025-09-02,1000,success,2025-09-02
P580,S136,A78,2025-10-02,-1000,success,2025-10-03
P581,S136,A78,2025-11-01,1000,success,2025-11-03
P582,S136,A78,2025-12-01,-1000,success,2025-12-01
P583,S136,A78,2025-12-31,1000,success,2026-01-01
P584,S136,A78,2026-01-30,1000,success,2026-01-30
P585,S137,A78,2026-03-11,10000,success,2026-03-13
P586,S138,A79,2025-06-23,0,failed,2025-06-24
P587,S138,A79,2025-07-23,1000,success,2025-07-23
P588,S138,A79,2025-08-22,1000,success,2025-08-23
P589,S138,A79,2025-09-21,0,failed,2025-09-23
P590,S138,A79,2025-10-21,1000,success,2025-10-22
P591,S138,A79,2025-11-20,1000,success,2025-11-21
P592,S138,A79,2025-12-20,1000,success,2025-12-20
P593,S138,A79,2026-01-19,1000,success,2026-01-19
P594,S138,A79,2026-02-18,1000,success,2026-02-19
P595,S138,A79,2026-03-20,1000,success,2026-03-22
P596,S138,A79,2026-04-19,1000,success,2026-04-19
P597,S138,A79,2026-05-19,1000,success,2026-05-19
P598,S139,A79,2025-08-22,5000,success,2025-08-22
P599,S139,A79,2025-09-21,5000,success,2025-09-23
P600,S139,A79,2025-10-21,5000,success,2025-10-21
P601,S139,A79,2025-11-20,0,failed,2025-11-20
P602,S139,A79,2025-12-20,5000,success,2025-12-21
P603,S139,A79,2026-01-19,0,failed,2026-01-21
P604,S139,A79,2026-02-18,5000,success,2026-02-20
P605,S139,A79,2026-03-20,5000,success,2026-03-21
P606,S139,A79,2026-04-19,5000,success,2026-04-19
P607,S139,A79,2026-05-19,5000,success,2026-05-19
P608,S139,A79,2026-06-18,5000,success,2026-06-18
P609,S139,A79,2026-07-18,5000,success,2026-07-19
P610,S143,A81,2025-08-13,1000,success,2025-08-15
P611,S143,A81,2025-09-12,0,failed,2025-09-13
P612,S143,A81,2025-10-12,1000,success,2025-10-13
P613,S143,A81,2025-11-11,1000,success,2025-11-12
P614,S143,A81,2025-12-11,1000,success,2025-12-11
P615,S143,A81,2026-01-10,1000,success,2026-01-10
P616,S143,A81,2026-02-09,0,failed,2026-02-09
P617,S143,A81,2026-03-11,1000,success,2026-03-12
P618,S143,A81,2026-04-10,1000,success,2026-04-11
P619,S143,A81,2026-05-10,1000,success,2026-05-11
P620,S143,A81,2026-06-09,1000,success,2026-06-09
P621,S143,A81,2026-07-09,1000,success,2026-07-11
P622,S148,A84,2025-03-14,1000,success,2025-03-15
P623,S148,A84,2025-04-13,1000,success,2025-04-15
P624,S148,A84,2025-05-13,1000,success,2025-05-13
P625,S148,A84,2025-06-12,1000,success,2025-06-13
P626,S148,A84,2025-07-12,1000,success,2025-07-14
P627,S148,A84,2025-08-11,1000,success,2025-08-12
P628,S148,A84,2025-09-10,1000,success,2025-09-12
P629,S148,A84,2025-10-10,1000,success,2025-10-12
P630,S148,A84,2025-11-09,1000,success,2025-11-10
P631,S148,A84,2025-12-09,1000,success,2025-12-10
P632,S148,A84,2026-01-08,1000,success,2026-01-08
P633,S148,A84,2026-02-07,1000,success,2026-02-08
P634,S150,A85,2026-01-04,1000,success,2026-01-05
P635,S150,A85,2026-02-03,0,failed,2026-02-04
P636,S150,A85,2026-03-05,1000,success,2026-03-05
P637,S150,A85,2026-04-04,1000,success,2026-04-05
P638,S150,A85,2026-05-04,1000,success,2026-05-06
P639,S150,A85,2026-06-03,1000,success,2026-06-05
P640,S150,A85,2026-07-03,1000,success,2026-07-03
P641,S150,A85,2026-08-02,1000,success,2026-08-02
P642,S150,A85,2026-09-01,1000,success,2026-09-01
P643,S150,A85,2026-10-01,1000,success,2026-10-02
P644,S150,A85,2026-10-31,1000,success,2026-11-02
P645,S150,A85,2026-11-30,1000,success,2026-11-30
P646,S151,A86,2025-04-27,0,failed,2025-04-28
P647,S151,A86,2025-05-27,1000,success,2025-05-28
P648,S151,A86,2025-06-26,1000,success,2025-06-27
P649,S151,A86,2025-07-26,1000,success,2025-07-28
P650,S151,A86,2025-08-25,0,failed,2025-08-25
P651,S151,A86,2025-09-24,0,failed,2025-09-25
P652,S151,A86,2025-10-24,1000,success,2025-10-24
P653,S151,A86,2025-11-23,1000,success,2025-11-24
P654,S151,A86,2025-12-23,1000,success,2025-12-23
P655,S151,A86,2026-01-22,0,failed,2026-01-22
P656,S151,A86,2026-02-21,1000,success,2026-02-23
P657,S151,A86,2026-03-23,1000,success,2026-03-24
P658,S152,A86,2025-06-01,1000,success,2025-06-01
P659,S152,A86,2025-07-01,1000,success,2025-07-03
P660,S152,A86,2025-07-31,1000,success,2025-08-02
P661,S152,A86,2025-08-30,1000,success,2025-08-30
P662,S152,A86,2025-09-29,1000,success,2025-09-29
P663,S152,A86,2025-10-29,1000,success,2025-10-30
P664,S152,A86,2025-11-28,-1000,success,2025-11-30
P665,S152,A86,2025-12-28,1000,success,2025-12-30
P666,S152,A86,2026-01-27,1000,success,2026-01-28
P667,S152,A86,2026-02-26,0,failed,2026-02-27
P668,S152,A86,2026-03-28,1000,success,2026-03-30
P669,S152,A86,2026-04-27,1000,success,2026-04-27
P670,S154,A87,2025-05-20,5000,success,2025-05-20
P671,S154,A87,2025-06-19,0,failed,2025-06-19
P672,S154,A87,2025-07-19,5000,success,2025-07-19
P673,S154,A87,2025-08-18,5000,success,2025-08-19
P674,S154,A87,2025-09-17,0,failed,2025-09-19
P675,S154,A87,2025-10-17,5000,success,2025-10-18
P676,S154,A87,2025-11-16,5000,success,2025-11-18
P677,S154,A87,2025-12-16,-5000,success,2025-12-17
P678,S154,A87,2026-01-15,5000,success,2026-01-15
P679,S154,A87,2026-02-14,5000,success,2026-02-15
P680,S154,A87,2026-03-16,0,failed,2026-03-16
P681,S154,A87,2026-04-15,5000,success,2026-04-17
P682,S157,A89,2026-09-18,10000,success,2026-09-18
P683,S159,A90,2026-05-20,50000,success,2026-05-20
P684,S160,A91,2025-05-13,1000,success,2025-05-14
P685,S160,A91,2025-06-12,0,failed,2025-06-13
P686,S160,A91,2025-07-12,1000,success,2025-07-13
P687,S160,A91,2025-08-11,1000,success,2025-08-11
P688,S160,A91,2025-09-10,1000,success,2025-09-11
P689,S160,A91,2025-10-10,1000,success,2025-10-10
P690,S160,A91,2025-11-09,1000,success,2025-11-11
P691,S160,A91,2025-12-09,1000,success,2025-12-09
P692,S160,A91,2026-01-08,1000,success,2026-01-10
P693,S160,A91,2026-02-07,1000,success,2026-02-08
P694,S160,A91,2026-03-09,1000,success,2026-03-09
P695,S160,A91,2026-04-08,1000,success,2026-04-10
P696,S161,A92,2025-04-16,1000,success,2025-04-17
P697,S161,A92,2025-05-16,1000,success,2025-05-16
P698,S161,A92,2025-06-15,1000,success,2025-06-15
P699,S161,A92,2025-07-15,0,failed,2025-07-16
P700,S161,A92,2025-08-14,1000,success,2025-08-14
P701,S161,A92,2025-09-13,1000,success,2025-09-14
P702,S161,A92,2025-10-13,1000,success,2025-10-13
P703,S161,A92,2025-11-12,1000,success,2025-11-12
P704,S161,A92,2025-12-12,1000,success,2025-12-12
P705,S161,A92,2026-01-11,0,failed,2026-01-13
P706,S161,A92,2026-02-10,1000,success,2026-02-12
P707,S161,A92,2026-03-12,1000,success,2026-03-14
P708,S163,A94,2025-03-17,1000,success,2025-03-19
P709,S163,A94,2025-04-16,1000,success,2025-04-18
P710,S163,A94,2025-05-16,0,failed,2025-05-17
P711,S163,A94,2025-06-15,1000,success,2025-06-17
P712,S163,A94,2025-07-15,0,failed,2025-07-15
P713,S163,A94,2025-08-14,1000,success,2025-08-15
P714,S163,A94,2025-09-13,1000,success,2025-09-14
P715,S163,A94,2025-10-13,0,failed,2025-10-15
P716,S163,A94,2025-11-12,1000,success,2025-11-13
P717,S163,A94,2025-12-12,1000,success,2025-12-14
P718,S163,A94,2026-01-11,1000,success,2026-01-13
P719,S163,A94,2026-02-10,0,failed,2026-02-12
P720,S164,A94,2025-09-28,5000,success,2025-09-30
P721,S164,A94,2025-10-28,5000,success,2025-10-28
P722,S164,A94,2025-11-27,5000,success,2025-11-29
P723,S164,A94,2025-12-27,5000,success,2025-12-27
P724,S164,A94,2026-01-26,5000,success,2026-01-27
P725,S164,A94,2026-02-25,5000,success,2026-02-25
P726,S164,A94,2026-03-27,5000,success,2026-03-27
P727,S164,A94,2026-04-26,0,failed,2026-04-27
P728,S164,A94,2026-05-26,5000,success,2026-05-27
P729,S164,A94,2026-06-25,5000,success,2026-06-27
P730,S164,A94,2026-07-25,5000,success,2026-07-27
P731,S164,A94,2026-08-24,5000,success,2026-08-25
P732,S165,A94,2026-10-28,0,failed,2026-10-28
P733,S166,A95,2025-03-05,1000,success,2025-03-05
P734,S166,A95,2025-04-04,1000,success,2025-04-04
P735,S166,A95,2025-05-04,1000,success,2025-05-04
P736,S166,A95,2025-06-03,0,failed,2025-06-05
P737,S166,A95,2025-07-03,0,failed,2025-07-03
P738,S166,A95,2025-08-02,1000,success,2025-08-03
P739,S166,A95,2025-09-01,1000,success,2025-09-03
P740,S166,A95,2025-10-01,0,failed,2025-10-01
P741,S166,A95,2025-10-31,1000,success,2025-11-02
P742,S166,A95,2025-11-30,1000,success,2025-12-02
P743,S166,A95,2025-12-30,1000,success,2026-01-01
P744,S166,A95,2026-01-29,1000,success,2026-01-29
P745,S168,A96,2026-09-22,10000,success,2026-09-22
P746,S169,A96,2026-04-25,0,failed,2026-04-26
P747,S169,A96,2026-05-25,1000,success,2026-05-26
P748,S169,A96,2026-06-24,1000,success,2026-06-26
P749,S169,A96,2026-07-24,1000,success,2026-07-24
P750,S169,A96,2026-08-23,1000,success,2026-08-25
P751,S169,A96,2026-09-22,1000,success,2026-09-23
P752,S169,A96,2026-10-22,1000,success,2026-10-24
P753,S169,A96,2026-11-21,1000,success,2026-11-23
P754,S169,A96,2026-12-21,1000,success,2026-12-23
P755,S169,A96,2027-01-20,1000,success,2027-01-21
P756,S169,A96,2027-02-19,1000,success,2027-02-21
P757,S169,A96,2027-03-21,-1000,success,2027-03-21
P758,S170,A97,2025-03-14,1000,success,2025-03-16
P759,S170,A97,2025-04-13,1000,success,2025-04-15
P760,S170,A97,2025-05-13,1000,success,2025-05-14
P761,S170,A97,2025-06-12,1000,success,2025-06-13
P762,S170,A97,2025-07-12,1000,success,2025-07-14
P763,S170,A97,2025-08-11,1000,success,2025-08-11
P764,S170,A97,2025-09-10,1000,success,2025-09-11
P765,S170,A97,2025-10-10,1000,success,2025-10-11
P766,S170,A97,2025-11-09,1000,success,2025-11-11
P767,S170,A97,2025-12-09,1000,success,2025-12-10
P768,S170,A97,2026-01-08,1000,success,2026-01-09
P769,S170,A97,2026-02-07,1000,success,2026-02-07
P770,S172,A99,2025-05-12,-1000,success,2025-05-14
P771,S172,A99,2025-06-11,1000,success,2025-06-11
P772,S172,A99,2025-07-11,1000,success,2025-07-12
P773,S172,A99,2025-08-10,1000,success,2025-08-11
P774,S172,A99,2025-09-09,1000,success,2025-09-09
P775,S172,A99,2025-10-09,0,failed,2025-10-10
P776,S172,A99,2025-11-08,1000,success,2025-11-10
P777,S172,A99,2025-12-08,1000,success,2025-12-08
P778,S172,A99,2026-01-07,1000,success,2026-01-08
P779,S172,A99,2026-02-06,0,failed,2026-02-06
P780,S172,A99,2026-03-08,1000,success,2026-03-10
P781,S172,A99,2026-04-07,1000,success,2026-04-09
P782,S173,A100,2025-03-31,1000,success,2025-04-02
P783,S173,A100,2025-04-30,-1000,success,2025-05-02
P784,S174,A100,2026-04-30,50000,success,2026-05-02
