subscription_id,account_id,plan_id,subscription_start_date,subscription_end_date,subscription_status,created_at
S1,A1,pro_m,2025-07-20,,active,2025-07-20
S2,A1,pro_y,2025-09-18,2025-12-17,canceled,2025-09-18
S3,A2,free_m,2025-03-08,,active,2025-03-08
S4,A2,ent_m,2025-05-12,,active,2025-05-12
S5,A2,free_m,2025-12-08,2026-06-06,canceled,2025-12-08
S6,A3,pro_m,2025-04-06,,active,2025-04-06
S7,A3,pro_y,2025-10-18,2026-04-16,canceled,2025-10-18
S8,A4,pro_m,2025-06-18,2025-08-17,canceled,2025-06-18
S9,A5,pro_m,2025-02-03,,active,2025-02-03
S10,A5,free_m,2025-08-02,2025-10-01,canceled,2025-08-02
S11,A6,pro_m,2025-07-20,,canceled,2025-07-20
S12,A6,ent_y,2025-08-24,,active,2025-08-24
S13,A6,pro_y,2025-10-23,,active,2025-10-23
S14,A7,pro_m,2025-04-05,,active,2025-04-05
S15,A7,pro_y,2025-10-17,,active,2025-10-17
S16,A8,free_m,2025-02-22,2025-08-21,canceled,2025-02-22
S17,A8,ent_y,2025-09-20,2025-10-20,canceled,2025-09-20
S18,A9,free_m,2025-06-20,2025-07-20,canceled,2025-06-20
S19,A9,pro_y,2025-07-20,,active,2025-07-20
S20,A9,free_m,2025-10-18,,active,2025-10-18
S21,A10,free_m,2025-04-22,2025-05-22,canceled,2025-04-22
S22,A11,pro_m,2025-07-12,2026-01-08,canceled,2025-07-12
S23,A11,pro_y,2026-01-13,,active,2026-01-13
S24,A11,pro_y,2026-07-27,,active,2026-07-27
S25,A12,free_m,2025-04-04,,active,2025-04-04
S26,A12,ent_m,2025-05-09,,active,2025-05-09
S27,A13,pro_m,2025-07-09,,active,2025-07-09
S28,A13,ent_m,2025-10-22,2025-12-21,canceled,2025-10-22
S29,A14,pro_m,2025-04-14,2025-05-14,canceled,2025-04-14
S30,A14,pro_y,2025-05-29,,active,2025-05-29
S31,A15,pro_m,2025-06-25,2025-09-23,canceled,2025-06-25
S32,A16,free_m,2025-07-05,2026-01-01,canceled,2025-07-05
S33,A16,pro_y,2026-01-01,,active,2026-01-01
S34,A16,pro_y,2026-07-30,,active,2026-07-30
S35,A17,free_m,2025-02-08,,active,2025-02-08
S36,A17,ent_y,2025-04-09,2025-06-08,canceled,2025-04-09
S37,A18,pro_m,2025-03-01,2025-03-31,canceled,2025-03-01
S38,A18,pro_y,2025-04-15,,active,2025-04-15
S39,A19,pro_m,2025-02-23,2025-08-22,canceled,2025-02-23
S40,A19,ent_y,2025-09-21,,active,2025-09-21
S41,A19,free_m,2026-01-19,,active,2026-01-19
S42,A20,free_m,2025-06-28,,active,2025-06-28
S43,A20,free_m,2025-08-12,,active,2025-08-12
S44,A21,free_m,2025-05-27,,active,2025-05-27
S45,A21,pro_y,2025-11-23,,active,2025-11-23
S46,A22,free_m,2025-03-15,2025-04-14,canceled,2025-03-15
S47,A22,free_m,2025-04-29,,active,2025-04-29
S48,A23,free_m,2025-05-30,,active,2025-05-30
S49,A24,free_m,2025-04-20,2025-06-19,canceled,2025-04-20
S50,A24,ent_m,2025-06-24,,active,2025-06-24
S51,A24,pro_y,2026-01-05,,active,2026-01-05
S52,A25,free_m,2025-04-24,2025-05-24,canceled,2025-04-24
S53,A25,free_m,2025-05-24,,active,2025-05-24
S54,A26,free_m,2025-06-03,,active,2025-06-03
S55,A27,free_m,2025-04-12,,active,2025-04-12
S56,A27,pro_m,2025-07-26,2026-01-22,canceled,2025-07-26
S57,A28,free_m,2025-07-10,2025-10-08,canceled,2025-07-10
S58,A28,free_m,2025-10-08,2025-11-07,active,2025-10-08
S59,A28,ent_m,2025-12-07,2026-01-06,canceled,2025-12-07
S60,A29,pro_m,2025-04-26,,active,2025-04-26
S61,A29,ent_m,2025-07-25,,active,2025-07-25
S62,A30,pro_m,2025-07-31,,active,2025-07-31
S63,A30,ent_y,2026-02-26,,active,2026-02-26
S64,A31,pro_m,2025-04-02,,active,2025-04-02
S65,A32,pro_m,2025-07-13,,active,2025-07-13
S66,A32,pro_y,2026-01-09,,active,2026-01-09
S67,A33,pro_m,2025-03-20,,active,2025-03-20
S68,A34,pro_m,2025-03-06,,active,2025-03-06
S69,A34,pro_m,2025-04-20,2025-07-19,canceled,2025-04-20
S70,A35,free_m,2025-03-06,2025-09-02,canceled,2025-03-06
S71,A36,pro_m,2025-03-09,,active,2025-03-09
S72,A37,free_m,2025-07-17,,active,2025-07-17
S73,A38,pro_m,2025-04-10,,active,2025-04-10
S74,A38,pro_y,2025-10-22,,canceled,2025-10-22
S75,A38,ent_m,2025-12-21,,active,2025-12-21
S76,A39,pro_m,2025-06-03,,active,2025-06-03
S77,A39,free_m,2025-08-17,2026-02-13,canceled,2025-08-17
S78,A39,free_m,2026-03-15,2026-04-14,canceled,2026-03-15
S79,A40,free_m,2025-04-10,,active,2025-04-10
S80,A41,free_m,2025-03-17,2025-04-16,canceled,2025-03-17
S81,A41,pro_m,2025-04-21,2025-07-20,canceled,2025-04-21
S82,A41,free_m,2025-08-19,2025-11-17,canceled,2025-08-19
S83,A42,pro_m,2025-05-09,,active,2025-05-09
S84,A42,pro_m,2025-08-22,,active,2025-08-22
S85,A43,free_m,2025-06-25,,active,2025-06-25
S86,A44,free_m,2025-06-29,,active,2025-06-29
S87,A44,pro_m,2025-08-03,,active,2025-08-03
S88,A44,pro_y,2025-11-16,2026-02-14,canceled,2025-11-16
S89,A45,free_m,2025-02-13,,canceled,2025-02-13
S90,A46,pro_m,2025-02-14,2025-08-13,canceled,2025-02-14
S91,A46,free_m,2025-08-18,2025-09-17,canceled,2025-08-18
S92,A46,ent_m,2025-09-17,2025-11-16,canceled,2025-09-17
S93,A47,pro_m,2025-06-19,,canceled,2025-06-19
S94,A47,ent_y,2025-09-02,,active,2025-09-02
S95,A48,pro_m,2025-05-03,,active,2025-05-03
S96,A48,pro_y,2025-10-30,,active,2025-10-30
S97,A48,pro_m,2026-02-12,,active,2026-02-12
S98,A49,pro_m,2025-05-01,,active,2025-05-01
S99,A49,pro_y,2025-08-14,2025-11-12,canceled,2025-08-14
S100,A49,ent_y,2025-12-12,,active,2025-12-12
S101,A50,pro_m,2025-06-21,,active,2025-06-21
S102,A51,pro_m,2025-03-30,,active,2025-03-30
S103,A52,pro_m,2025-05-13,,active,2025-05-13
S104,A52,pro_y,2025-12-09,,active,2025-12-09
S105,A52,ent_m,2026-03-14,,active,2026-03-14
S106,A53,pro_m,2025-05-28,,active,2025-05-28
S107,A54,pro_m,2025-07-04,,active,2025-07-04
S108,A54,ent_y,2025-10-07,2026-01-05,canceled,2025-10-07
S109,A55,free_m,2025-07-15,,active,2025-07-15
S110,A55,free_m,2026-01-11,2026-04-11,canceled,2026-01-11
S111,A55,ent_y,2026-04-11,,active,2026-04-11
S112,A56,pro_m,2025-04-27,,active,2025-04-27
S113,A56,pro_y,2025-06-26,2025-08-25,canceled,2025-06-26
S114,A56,pro_m,2025-08-30,,active,2025-08-30
S115,A57,pro_m,2025-06-30,2025-08-29,canceled,2025-06-30
S116,A57,pro_y,2025-09-28,,active,2025-09-28
S117,A58,pro_m,2025-05-10,,active,2025-05-10
S118,A59,pro_m,2025-08-01,,active,2025-08-01
S119,A59,free_m,2025-10-30,2026-01-28,canceled,2025-10-30
S120,A60,free_m,2025-03-15,2025-06-13,canceled,2025-03-15
S121,A60,pro_m,2025-06-13,,active,2025-06-13
S122,A61,pro_m,2025-02-14,2025-05-15,canceled,2025-02-14
S123,A61,pro_y,2025-06-14,,active,2025-06-14
S124,A62,free_m,2025-04-29,2025-06-28,canceled,2025-04-29
S125,A62,ent_y,2025-07-03,,active,2025-07-03
S126,A63,free_m,2025-07-25,,active,2025-07-25
S127,A63,ent_y,2025-09-28,,active,2025-09-28
S128,A64,pro_m,2025-06-28,,active,2025-06-28
S129,A65,free_m,2025-04-29,,active,2025-04-29
S130,A66,free_m,2025-06-29,,active,2025-06-29
S131,A66,ent_m,2025-10-02,,active,2025-10-02
S132,A67,pro_m,2025-04-16,2025-05-16,canceled,2025-04-16
S133,A67,free_m,2025-05-21,,active,2025-05-21
S134,A67,ent_m,2025-11-22,,canceled,2025-11-22
S135,A68,free_m,2025-03-10,,active,2025-03-10
S136,A69,free_m,2025-02-09,,active,2025-02-09
S137,A69,free_m,2025-04-10,,active,2025-04-10
S138,A70,pro_m,2025-06-21,2025-12-18,canceled,2025-06-21
S139,A71,pro_m,2025-02-26,2025-08-25,canceled,2025-02-26
S140,A71,ent_y,2025-09-24,2026-03-23,canceled,2025-09-24
S141,A72,pro_m,2025-03-28,,active,2025-03-28
S142,A72,free_m,2025-07-01,,canceled,2025-07-01
S143,A73,pro_m,2025-05-25,,active,2025-05-25
S144,A73,pro_y,2025-09-22,,active,2025-09-22
S145,A73,pro_m,2026-01-05,,active,2026-01-05
S146,A74,pro_m,2025-06-25,,active,2025-06-25
S147,A74,ent_y,2025-08-29,,active,2025-08-29
S148,A75,free_m,2025-03-22,2025-05-21,canceled,2025-03-22
S149,A75,ent_y,2025-05-21,,active,2025-05-21
S150,A76,free_m,2025-02-15,2025-05-16,canceled,2025-02-15
S151,A76,ent_m,2025-05-21,,active,2025-05-21
S152,A77,pro_m,2025-06-09,,active,2025-06-09
S153,A78,free_m,2025-06-04,2025-09-02,canceled,2025-06-04
S154,A78,ent_m,2025-09-07,,active,2025-09-07
S155,A79,free_m,2025-05-14,,active,2025-05-14
S156,A80,pro_m,2025-07-31,,active,2025-07-31
S157,A81,pro_m,2025-03-19,2025-06-17,canceled,2025-03-19
S158,A81,ent_m,2025-07-17,,active,2025-07-17
S159,A81,ent_y,2025-10-15,,active,2025-10-15
S160,A82,free_m,2025-08-01,2026-01-28,canceled,2025-08-01
S161,A82,pro_m,2026-02-02,,active,2026-02-02
S162,A82,ent_m,2026-08-16,2026-09-15,canceled,2026-08-16
S163,A83,pro_m,2025-06-04,,active,2025-06-04
S164,A83,pro_y,2025-08-03,,active,2025-08-03
S165,A83,pro_m,2025-11-01,,active,2025-11-01
S166,A84,pro_m,2025-07-01,,active,2025-07-01
S167,A84,ent_m,2025-08-30,,canceled,2025-08-30
S168,A85,pro_m,2025-03-13,,active,2025-03-13
S169,A85,pro_m,2025-06-11,2025-09-09,canceled,2025-06-11
S170,A86,pro_m,2025-06-28,,active,2025-06-28
S171,A86,pro_y,2026-01-24,,active,2026-01-24
S172,A86,pro_m,2026-05-24,,active,2026-05-24
S173,A87,free_m,2025-07-07,,active,2025-07-07
S174,A88,pro_m,2025-07-02,,active,2025-07-02
S175,A89,pro_m,2025-06-23,,active,2025-06-23
S176,A89,ent_m,2025-08-27,,active,2025-08-27
S177,A90,free_m,2025-03-15,2025-06-13,canceled,2025-03-15
S178,A91,free_m,2025-07-30,,active,2025-07-30
S179,A91,ent_m,2026-02-10,,active,2026-02-10
S180,A92,pro_m,2025-02-28,2025-08-27,canceled,2025-02-28
S181,A92,free_m,2025-09-26,,active,2025-09-26
S182,A93,free_m,2025-04-28,,canceled,2025-04-28
S183,A94,pro_m,2025-03-20,,active,2025-03-20
S184,A94,ent_m,2025-05-19,,active,2025-05-19
S185,A95,free_m,2025-05-21,2025-06-20,canceled,2025-05-21
S186,A96,pro_m,2025-05-27,2025-06-26,canceled,2025-05-27
S187,A96,ent_m,2025-07-01,,active,2025-07-01
S188,A96,ent_y,2025-09-29,,active,2025-09-29
S189,A97,free_m,2025-03-20,2025-09-16,canceled,2025-03-20
S190,A97,free_m,2025-09-21,,active,2025-09-21
S191,A97,ent_m,2026-03-25,2026-09-21,canceled,2026-03-25
S192,A98,free_m,2025-04-03,2025-05-03,canceled,2025-04-03
S193,A98,ent_y,2025-05-03,,active,2025-05-03
S194,A99,free_m,2025-05-01,2025-06-30,canceled,2025-05-01
S195,A99,free_m,2025-07-05,2025-08-04,canceled,2025-07-05
S196,A100,free_m,2025-03-03,2025-05-02,canceled,2025-03-03
S197,A100,ent_y,2025-05-17,,active,2025-05-17
